{
  "_format": "hh-sol-cache-2",
  "files": {
    "C:\\Users\\yukta\\buy-me-a-coffee\\contracts\\BuyMeACoffee.sol": {
      "lastModificationDate": 1719646540403,
      "contentHash": "d41d8cd98f00b204e9800998ecf8427e",
      "sourceName": "contracts/BuyMeACoffee.sol",
      "solcConfig": {
        "version": "0.8.24",
        "settings": {
          "evmVersion": "paris",
          "optimizer": {
            "enabled": false,
            "runs": 200
          },
          "outputSelection": {
            "*": {
              "*": [
                "abi",
                "evm.bytecode",
                "evm.deployedBytecode",
                "evm.methodIdentifiers",
                "metadata"
              ],
              "": [
                "ast"
              ]
            }
          }
        }
      },
      "imports": [],
      "versionPragmas": [],
      "artifacts": []
    },
    "C:\\Users\\yukta\\buy-me-a-coffee\\contracts\\Lock.sol": {
      "lastModificationDate": 1719645808388,
      "contentHash": "dacf0d5cb5b45dc83086de5bc1c26c2c",
      "sourceName": "contracts/Lock.sol",
      "solcConfig": {
        "version": "0.8.24",
        "settings": {
          "evmVersion": "paris",
          "optimizer": {
            "enabled": false,
            "runs": 200
          },
          "outputSelection": {
            "*": {
              "*": [
                "abi",
                "evm.bytecode",
                "evm.deployedBytecode",
                "evm.methodIdentifiers",
                "metadata"
              ],
              "": [
                "ast"
              ]
            }
          }
        }
      },
      "imports": [],
      "versionPragmas": [
        "^0.8.24"
      ],
      "artifacts": [
        "Lock"
      ]
    }
  }
}
